step,agent,action,inputs,outputs,status,notes
1,@security,Review planned modifications touching .github/agents and templates,"tmp/github-merge-doc-infrastructure-2026-04-27.plan.md; target surfaces: .github/agents/*.agent.md, templates/universal/*.template.md","Security verdict and required mitigations",done,"PASS; mitigation: only verified docs.github.com references permitted; remaining steps re-reviewed by adversarial+conflict-auditor"
2,@adversarial,Audit presuppositions for generalized GitHub merge guidance,"Plan file plus proposed GitHub references","Presupposition audit with constraints",done,"CONDITIONAL PASS; do not assume rebase/squash availability in all repos; require strategy-by-policy matrix; remaining steps re-reviewed"
3,@conflict-auditor,Check for role overlap across orchestrator git-operations updater docs agents,"Current .github/agents/*.agent.md and templates/universal/*.template.md","Consistency audit and placement recommendations",done,"PASS; canonical guidance in reference file, orchestrator routes, git-operations executes, updater evaluates docs/API impact; remaining steps re-reviewed"
4,@primary-producer,Create canonical GitHub operations reference file,"Official GitHub docs URLs listed in plan; existing references style",".github/agents/references/github-workflows-merge.reference.md",done,"Implemented in commit 9042d7f via source template `agentteams/templates/universal/github-workflows-merge.reference.template.md` and active reference copy"
5,@primary-producer,Update orchestrator infrastructure to route GitHub merge strategy workflows,"templates/universal/orchestrator.template.md and active .github/agents/orchestrator.agent.md","Updated orchestration triggers rules and workflow wording",done,"Implemented in commit 9042d7f; added git-operations handoff/routing/rules and documentation-maintenance trigger expansion"
6,@primary-producer,Update git-operations infrastructure to consume canonical GitHub reference,"templates/universal source for git operations and active .github/agents/git-operations.agent.md","Updated git operation procedures and output contract",done,"Implemented in commit 9042d7f; added new governance template and GitHub reference usage"
7,@primary-producer,Update updater/docs-validation infrastructure for GitHub docs impact checks,"templates/universal/agent-updater source and active .github/agents/agent-updater.agent.md","Updated census and docs-impact rubric with GitHub-aware criteria",done,"Implemented in commit 9042d7f; added repository change census and docs/API impact decision flow"
8,@technical-validator,Validate claims and links against source and official docs,"All edited files and cited URLs","Validation report and any corrections",done,"PASS; anchor/link validation scripts passed; 8 docs.github.com URLs detected in canonical reference template"
9,@test-suite-expert,Add tests for generated guidance anchors,"tests/ + generator outputs","Passing tests that assert GitHub guidance inclusion",done,"PASS; `python3 -m pytest tests/test_analyze.py tests/test_graph.py tests/test_man.py -q` => 154 passed"
10,@code-hygiene,Run pre-merge hygiene audit,"All changed files","Hygiene verdict and required cleanups",done,"PASS; no backup/temp artifact files in staged changes; governance count wording contradictions resolved"
11,@conflict-auditor,Run final multi-file consistency audit,"All changed files and updated references","Final conflict audit result",done,"PASS; no contradictory governance count text in checked docs/templates; all planned integration surfaces aligned"
